{
  "seed": 13,
  "alignment": 0.3411732167005539,
  "uniformity": -3.756162405014038,
  "rep_metric_bs": 256,
  "rep_metric_num_batches": 4,
  "uniformity_t": 2.0
}