{
  "seed": 13,
  "alignment": 0.34580565243959427,
  "uniformity": -3.75778865814209,
  "rep_metric_bs": 256,
  "rep_metric_num_batches": 4,
  "uniformity_t": 2.0
}