variant_name,n_seeds,mean_best_avg_last_k_soft,std_best_avg_last_k_soft,mean_best_val_soft,std_best_val_soft,mean_best_val_hard05,std_best_val_hard05,mean_final_val_soft,std_final_val_soft,mean_final_val_hard05,std_final_val_hard05
no_mini_aspp,3,0.7451169683198976,0.0013530935914765323,0.7465137460015473,0.00036360480939560827,0.8736822611744047,0.002807162940982569,0.7465137460015473,0.00036360480939560827,0.8736822611744047,0.002807162940982569
no_shifted_sa,3,0.7425306936406852,0.001111300723750611,0.7461443492208292,0.000992077267307278,0.9117373563318928,0.002782157281783293,0.7387120240593653,0.004534211777071507,0.9094118043184062,0.002035497825481765
no_mini_aspp_no_sa,3,0.7413795980751519,0.00045729023147205664,0.7426924665390607,0.0004625435745507277,0.8695522274042655,0.0013900024505219084,0.7426924665390607,0.0004625435745507277,0.8695522274042655,0.0013900024505219084
no_shallow_skip,3,0.741636835585196,0.0008378562647126269,0.744289433824792,0.0017953934074781206,0.9020900172265055,0.003966782662630072,0.7427096541925361,0.00389205249678504,0.904600967190844,0.002972898569616301
no_dilation,3,0.7468255630021509,0.0008536197279876567,0.7472603964601264,0.0005956438908558524,0.9001483052854002,0.001494296167127984,0.7472603964601264,0.0005956438908558524,0.9001483052854002,0.001494296167127984
decoder_narrow,3,0.7435715821252306,0.0015874548089871493,0.7439551921997869,0.001686602501104823,0.9028664852974964,0.00531430258494488,0.7429003207073778,0.000555715279051203,0.9016134192750141,0.006263202177224544
decoder_wide,3,0.7433138940617834,0.0022170753025144503,0.745410023005998,0.0021291289531018033,0.9045446861832704,0.002362274337602267,0.7424748393815165,0.0072518359082923345,0.9030847771273803,0.004461587973527686
